{"Circle": {"panels": {"17": {"center": [0.07016846537590027, 0.21595646440982819, 0.02500000037252903], "xyzw": [-0.5439948439598083, 0.08616025000810623, -0.13056844472885132, 0.8243774175643921], "start": [0.022059477865695953, 0.23068185150623322, 0.027014659717679024], "spacing": [5, 5], "offset": [2.0, 2.5], "scale": 0.01, "scale_loc": 0.2336255701571493, "loc": [-6747, 2065, 282, -78, -101, 282, 6591, -2268, 282]}, "16": {"center": [0.1837034672498703, 0.13346844911575317, 0.02500000037252903], "xyzw": [-0.49074482917785645, 0.25004690885543823, -0.3789246380329132, 0.7436815500259399], "start": [0.1534378081560135, 0.17365935444831848, 0.027014659717679024], "spacing": [5, 5], "offset": [2.0, 2.5], "scale": 0.01, "scale_loc": 0.2336257104519486, "loc": [-4244, 5636, 282, -122, -36, 282, 3999, -5709, 282]}, "15": {"center": [0.22707000374794006, 3.725290298461914e-09, 0.02500000037252903], "xyzw": [-0.38945722579956055, 0.38945722579956055, -0.5901890397071838, 0.5901890397071838], "start": [0.22620820999145508, 0.050304826349020004, 0.027014661580324173], "spacing": [5, 5], "offset": [2.0, 2.5], "scale": 0.01, "scale_loc": 0.23362569931154778, "loc": [-120, 7055, 282, -120, 42, 282, -120, -6969, 282]}, "14": {"center": [0.18370351195335388, -0.1334684193134308, 0.02500000037252903], "xyzw": [-0.2500469982624054, 0.4907446801662445, -0.7436815500259399, 0.3789246380329132], "start": [0.21257470548152924, -0.09226445108652115, 0.02701466530561447], "spacing": [5, 5], "offset": [2.0, 2.5], "scale": 0.01, "scale_loc": 0.2336255988468655, "loc": [4049, 5779, 282, -72, 105, 282, -4194, -5567, 282]}, "13": {"center": [0.07016852498054504, -0.2159564197063446, 0.02500000037252903], "xyzw": [-0.08616051077842712, 0.543994665145874, -0.8243772983551025, 0.13056854903697968], "start": [0.11774492263793945, -0.1995917558670044, 0.027014661580324173], "spacing": [5, 5], "offset": [2.0, 2.5], "scale": 0.01, "scale_loc": 0.2336256708394729, "loc": [6672, 2295, 282, 3, 128, 282, -6666, -2038, 282]}, "12": {"center": [-0.07016847282648087, -0.2159564346075058, 0.02500000037252903], "xyzw": [-0.0861603245139122, -0.5439947247505188, 0.8243773579597473, 0.1305685043334961], "start": [-0.02205945923924446, -0.23068185150623322, 0.027014661580324173], "spacing": [5, 5], "offset": [2.0, 2.5], "scale": 0.01, "scale_loc": 0.23362566195697673, "loc": [6747, -2065, 282, 78, 101, 282, -6591, 2268, 282]}, "11": {"center": [-0.1837034970521927, -0.1334684193134308, 0.02500000037252903], "xyzw": [-0.2500469982624054, -0.49074476957321167, 0.7436815500259399, 0.3789246678352356], "start": [-0.15343786776065826, -0.1736593097448349, 0.02701466530561447], "spacing": [5, 5], "offset": [2.0, 2.5], "scale": 0.01, "scale_loc": 0.2336256538429253, "loc": [4244, -5636, 282, 122, 36, 282, -3999, 5709, 282]}, "10": {"center": [-0.22707001864910126, -7.450580596923828e-09, 0.02500000037252903], "xyzw": [-0.38945719599723816, -0.38945725560188293, 0.5901890397071838, 0.5901889801025391], "start": [-0.22620820999145508, -0.05030480772256851, 0.027014661580324173], "spacing": [5, 5], "offset": [2.0, 2.5], "scale": 0.01, "scale_loc": 0.23362566017130681, "loc": [120, -7055, 282, 120, -42, 282, 120, 6969, 282]}, "9": {"center": [-0.18370351195335388, 0.1334684044122696, 0.02500000037252903], "xyzw": [-0.49074479937553406, -0.250046968460083, 0.378924697637558, 0.7436814904212952], "start": [-0.21257472038269043, 0.09226440638303757, 0.02701466530561447], "spacing": [5, 5], "offset": [2.0, 2.5], "scale": 0.01, "scale_loc": 0.23362566212630104, "loc": [-4049, -5779, 282, 72, -105, 282, 4194, 5567, 282]}, "8": {"center": [-0.07016849517822266, 0.2159564197063446, 0.02500000037252903], "xyzw": [-0.5439948439598083, -0.08616030961275101, 0.13056854903697968, 0.8243772983551025], "start": [-0.11774489283561707, 0.1995917707681656, 0.027014659717679024], "spacing": [5, 5], "offset": [2.0, 2.5], "scale": 0.01, "scale_loc": 0.23362565668589574, "loc": [-6672, -2295, 282, -3, -128, 282, 6666, 2038, 282]}, "0": {"center": [-1.9527869099533746e-08, 0.1985439509153366, 0.05000000074505806], "xyzw": [-0.0, 0.0, -0.1564343422651291, 0.9876883625984192], "start": [0.01284080184996128, 0.20230963826179504, 0.05000000074505806], "spacing": [5, 5], "offset": [2.0, 2.0], "scale": 0.01, "scale_loc": 0.2466951734603914, "loc": [1705, 500, 0, 8021, -1552, 0]}, "7": {"center": [1.9868215517249155e-08, -0.1985439509153366, 0.05000000074505806], "xyzw": [0.0, 0.0, 0.987688422203064, 0.15643444657325745], "start": [-0.012840772978961468, -0.20230963826179504, 0.05000000074505806], "spacing": [5, 5], "offset": [2.0, 2.0], "scale": 0.01, "scale_loc": 0.2466951746164256, "loc": [-1705, -500, 0, -8021, 1552, 0]}, "1": {"center": [0.07212527841329575, 0.1461418718099594, 0.05000000074505806], "xyzw": [0.0, 0.0, 1.0, -1.1142918765472132e-07], "start": [0.1137276217341423, 0.16406041383743286, 0.05000000074505806], "spacing": [5, 5], "offset": [2.0, 2.0], "scale": 0.01, "scale_loc": 0.34725714797479934, "loc": [3925, 1690, 0, -792, 1690, 0, -5510, 1690, 0, -10228, 1690, 0, 3925, -3027, 0, 8643, -3027, 0]}, "6": {"center": [0.07212531566619873, -0.14614184200763702, 0.05000000074505806], "xyzw": [0.0, 0.0, 1.0, -5.5714576063792265e-08], "start": [0.11372769623994827, -0.1640603393316269, 0.05000000074505806], "spacing": [5, 5], "offset": [2.0, 2.0], "scale": 0.01, "scale_loc": 0.34725722117437596, "loc": [3925, -1690, 0, -792, -1690, 0, -5510, -1690, 0, -10228, -1690, 0, 3925, 3027, 0, 8643, 3027, 0]}, "2": {"center": [-0.04457589611411095, 0.1082233190536499, 0.05000000074505806], "xyzw": [0.0, 0.0, 0.45399054884910583, 0.8910065293312073], "start": [-0.18843987584114075, 0.07472942024469376, 0.05000000074505806], "spacing": [5, 5], "offset": [2.0, 2.0], "scale": 0.01, "scale_loc": 0.5038349178922339, "loc": [-9356, -2178, 0, -7444, 452, 0, -5533, 3083, 0, -4814, -1458, 0, -2902, 1171, 0, -272, -739, 0, 1639, 1891, 0, 4269, -20, 0, 6900, -1931, 0]}, "5": {"center": [-0.04457588493824005, -0.1082233265042305, 0.05000000074505806], "xyzw": [0.0, 0.0, 0.891006588935852, 0.45399051904678345], "start": [-0.12930302321910858, -0.1561243236064911, 0.05000000074505806], "spacing": [5, 5], "offset": [2.0, 2.0], "scale": 0.01, "scale_loc": 0.4551675204551735, "loc": [-6099, -3448, 0, -8215, -536, 0, -10330, 2375, 0, -3187, -1332, 0, -5303, 1579, 0, -275, 783, 0, 1840, -2128, 0, 4752, -13, 0, 7664, 2102, 0]}, "4": {"center": [-0.07212530821561813, -0.023434944450855255, 0.05000000074505806], "xyzw": [-0.0, 0.0, -1.7216752468129926e-08, 1.0], "start": [-0.19637590646743774, -0.050304803997278214, 0.05000000074505806], "spacing": [5, 5], "offset": [2.0, 2.0], "scale": 0.01, "scale_loc": 0.5122310049446545, "loc": [-7948, -1718, 0, -4749, -1718, 0, -1551, -1718, 0, 1647, -1718, 0, 4845, -1718, 0, 8044, -1718, 0, 11242, -1718, 0, 14441, -1718, 0, -7948, 1479, 0, -4749, 1479, 0, -1551, 1479, 0, 1647, 1479, 0, -7948, 4678, 0]}, "3": {"center": [0.07212529331445694, 0.02343493141233921, 0.05000000074505806], "xyzw": [0.0, 0.0, 1.0, -4.3041875841254296e-08], "start": [0.19637590646743774, 0.050304826349020004, 0.05000000074505806], "spacing": [5, 5], "offset": [2.0, 2.0], "scale": 0.01, "scale_loc": 0.5122310336679179, "loc": [7948, 1718, 0, 4749, 1718, 0, 1551, 1718, 0, -1647, 1718, 0, -4845, 1718, 0, -8044, 1718, 0, -11242, 1718, 0, -14441, 1718, 0, 7948, -1479, 0, 4749, -1479, 0, 1551, -1479, 0, -1647, -1479, 0, 7948, -4678, 0]}}, "mesh_data": {"num_verts": 88, "center_pos": [0.0, 0.0, 0.0], "scale_pos": 0.2750305193942335,