{"panels": {"13": {"filepath": "C:\\Users\\iamoj\\Desktop\\routedesigner\\b20200818.blend", "center": [-0.13752920925617218, 1.1497477293014526, -0.2569061517715454], "xyzw": [0.003511010902002454, 0.7175590991973877, 0.6964524984359741, -0.007113351020962], "start": [0.7103581428527832, 1.1304333209991455, -1.0565464496612549], "spacing": [8, 8], "offset": [4.0, 4.0], "scale": 0.0254, "scale_loc": 3.2210466715599173, "loc": [8625, -196, -8134, 6558, -206, -8103, 4491, -217, -8071, 2424, -227, -8040, 357, -237, -8008, -1708, -248, -7977, -3775, -258, -7945, -5842, -268, -7914, -7909, -279, -7882, 8656, -133, -6068, 6589, -143, -6037, 4522, -154, -6005, 2455, -164, -5974, 389, -174, -5942, -1677, -185, -5911, -3744, -195, -5879, -5811, -205, -5848, -7878, -215, -5816, 8687, -70, -4002, 6620, -80, -3971, 4553, -91, -3939, 2487, -101, -3908, 420, -111, -3876, -1646, -122, -3845, -3713, -132, -3813, -5780, -142, -3782, -7847, -152, -3750, 8718, -7, -1936, 6651, -17, -1905, 4585, -28, -1873, 2518, -38, -1842, 451, -48, -1810, -1615, -59, -1779, -3682, -69, -1748, -5749, -79, -1716, -7815, -89, -1685, 8749, 55, 129, 6683, 45, 160, 4616, 34, 192, 2549, 24, 223, 482, 14, 254, -1584, 4, 286, -3651, -6, 317, -5717, -16, 349, -7784, -26, 380, 8781, 118, 2195, 6714, 108, 2226, 4647, 97, 2257, 2580, 87, 2289, 513, 77, 2320, -1553, 67, 2352, -3619, 56, 2383, -5686, 46, 2415, -7753, 36, 2446, 8812, 181, 4260, 6745, 171, 4292, 4678, 160, 4323, 2611, 150, 4355, 544, 140, 4386, -1522, 130, 4418, -3588, 119, 4449, -5655, 109, 4481, -7722, 99, 4512, -9789, 88, 4544, 8843, 244, 6326, 6776, 234, 6358, 4709, 224, 6389, 2642, 213, 6421, 575, 203, 6452, -1490, 193, 6484, -3557, 182, 6515, -5624, 172, 6547, -7691, 162, 6578, -9758, 151, 6610, 8874, 307, 8392, 6807, 297, 8424, 4740, 287, 8455, 2673, 276, 8487, 607, 266, 8518, -1459, 256, 8550, -3526, 245, 8581, -5593, 235, 8613, -7660, 225, 8644, -9727, 214, 8675, 8905, 370, 10458, 6838, 360, 10490, 4771, 350, 10521, 2705, 339, 10553, 638, 329, 10584, -1428, 319, 10615, -3495, 308, 10647, -5562, 298, 10678, -7629, 288, 10710, -9695, 277, 10741, 6869, 423, 12556, 4803, 413, 12587, 2736, 402, 12618, 669, 392, 12650, -1397, 382, 12681, -3464, 371, 12713, -5531, 361, 12744, -7597, 351, 12776]}, "10": {"filepath": "C:\\Users\\iamoj\\Desktop\\routedesigner\\b20200818.blend", "center": [-1.1436123847961426, 0.8591132164001465, 0.4796355962753296], "xyzw": [-0.7152040600776672, -0.19755789637565613, 0.6427385210990906, 0.1906338632106781], "start": [-1.194920301437378, 0.39722126722335815, 0.898914635181427], "spacing": [8, 8], "offset": [4.0, 4.0], "scale": 0.0254, "scale_loc": 2.003060023652747, "loc": [-839, -7555, 6858, -521, -5801, 4053, -202, -4048, 1247, 115, -2294, -1558, 433, -540, -4363, 751, 1213, -7169, 1069, 2967, -9975, -645, -2978, 5803, -327, -1225, 2997, -9, 528, 192, 308, 2282, -2613, 626, 4036, -5419, -770, -155, 7554, -452, 1597, 4748, -134, 3351, 1942, 183, 5105, -862, -577, 4420, 6499]}, "26": {"filepath": "C:\\Users\\iamoj\\Desktop\\routedesigner\\b20200818.blend", "center": [-1.0868117809295654, 0.025747746229171753, 0.13109582662582397], "xyzw": [-0.46765655279159546, -0.5893509387969971, 0.4256895184516907, 0.5027438402175903], "start": [-0.9553935527801514, -0.5638477206230164, -0.7139286994934082], "spacing": [8, 8], "offset": [4.0, 4.0], "scale": 0.0254, "scale_loc": 2.286018482528024, "loc": [1883, -8451, -12112, 1717, -5598, -11545, 1551, -2746, -10979, 1384, 105, -10413, 1218, 2957, -9847, 1052, 5809, -9280, 885, 8661, -8714, 719, 11514, -8148, 553, 14366, -7581, 1524, -9034, -9281, 1358, -6181, -8714, 1192, -3329, -8148, 1025, -477, -7582, 859, 2374, -7016, 693, 5226, -6449, 527, 8078, -5883, 360, 10931, -5317, 999, -6764, -5883, 833, -3912, -5317, 667, -1060, -4751, 500, 1791, -4185, 334, 4643, -3618, 168, 7495, -3052, 1, 10348, -2486, 640, -7347, -3052, 474, -4495, -2486, 308, -1643, -1920, 141, 1208, -1354, -24, 4060, -787, -190, 6912, -221, -356, 9765, 344, 282, -7930, -221, 115, -5078, 344, -50, -2226, 910, -216, 625, 1476, -383, 3477, 2043, -549, 6329, 2609, -76, -8514, 2609, -243, -5661, 3175, -409, -2809, 3741, -575, 42, 4307, -742, 2894, 4874, -908, 5746, 5440, -435, -9097, 5439, -601, -6244, 6006, -768, -3392, 6572, -934, -540, 7138, -1100, 2311, 7705, -1267, 5163, 8271, -960, -6827, 8837, -1127, -3975, 9403, -1293, -1123, 9969, -1459, 1728, 10536]}, "27": {"filepath": "C:\\Users\\iamoj\\Desktop\\routedesigner\\b20200818.blend", "center": [-0.9759383797645569, 0.5382397770881653, -0.8146507143974304], "xyzw": [0.4946648180484772, -0.5690732598304749, -0.41545209288597107, 0.5087847113609314], "start": [-0.9633119702339172, 1.0357120037078857, -1.0165791511535645], "spacing": [8, 8], "offset": [4.0, 4.0], "scale": 0.0254, "scale_loc": 2.1200394833613925, "loc": [195, 7688, -3120, 217, 4592, -2593, 239, 1497, -2065, 262, -1598, -1537, 284, -4694, -1009, 306, -7790, -482, 329, -10886, 45, 351, -13982, 573, -245, 8208, -55, -222, 5112, 472, -200, 2016, 1000, -178, -1079, 1528, -155, -4175, 2056, -685, 8727, 3010, -663, 5631, 3538]}, "11": {"filepath": "C:\\Users\\iamoj\\Desktop\\routedesigner\\b20200818.blend", "center": [-0.932633638381958, -0.056198496371507645, -1.0285762548446655], "xyzw": [-0.5179100632667542, -0.5260279178619385, 0.4840201139450073, 0.46988123655319214], "start": [-0.9224168658256531, -0.5425697565078735, -1.0199834108352661], "spacing": [8, 8], "offset": [4.0, 4.0], "scale": 0.0254, "scale_loc": 2.0967333284637464, "loc": [159, -7600, 134, 89, -4426, 112, 20, -1251, 89, -49, 1923, 67, -119, 5097, 45, -189, 8272, 22]}, "2": {"filepath": "C:\\Users\\iamoj\\Desktop\\routedesigner\\b20200818.blend", "center": [-1.0273234844207764, -0.9749863743782043, 0.294474333524704], "xyzw": [-0.7052281498908997, -0.2606878876686096, 0.6494354605674744, 0.11370417475700378], "start": [-0.9967742562294006, -1.4944336414337158, 0.7751767039299011], "spacing": [8, 8], "offset": [4.0, 4.0], "scale": 0.0254, "scale_loc": 2.251195273463738, "loc": [444, -7560, 6996, 505, -6036, 4462, 566, -4512, 1929, 627, -2987, -604, 687, -1463, -3138, 748, 60, -5672, 809, 1585, -8206, 870, 3109, -10740, 930, 4633, -13274, -145, -3557, 5938, -84, -2032, 3404, -23, -508, 870, 37, 1015, -1662, 97, 2539, -4196, 158, 4064, -6730, -795, -1078, 7414, -735, 446, 4880, -674, 1970, 2346, -613, 3494, -187, -1385, 2925, 6356, -1325, 4449, 3822]}, "14": {"filepath": "C:\\Users\\iamoj\\Desktop\\routedesigner\\b20200818.blend", "center": [-0.07027474045753479, -1.124342679977417, 0.007693231105804443], "xyzw": [0.87035071849823, 0.010650655254721642, 0.0074434103444218636, 0.4922609329223633], "start": [-0.8343366980552673, -0.6926421523094177, -0.745110809803009], "spacing": [8, 8], "offset": [4.0, 4.0], "scale": 0.0254, "scale_loc": 2.9266146895729857,