{"panels": {"4": {"center": [1.0, 0.0, 0.0], "xyzw": [0.7071068286895752, 0.0, 0.7071068286895752, 0.0], "start": [1.0, 0.8984000086784363, -0.8984000086784363], "spacing": [8, 8], "offset": [4.0, 4.0], "scale": 0.0254, "scale_loc": 3.115795418546872, "loc": [0, 9447, -9447, 0, 9447, -7311, 0, 9447, -5174, 0, 9447, -3037, 0, 9447, -900, 0, 9447, 1236, 0, 9447, 3373, 0, 9447, 5510, 0, 9447, 7647, 0, 9447, 9784, 0, 7311, -9447, 0, 7311, -7311, 0, 7311, -5174, 0, 7311, -3037, 0, 7311, -900, 0, 7311, 1236, 0, 7311, 3373, 0, 7311, 5510, 0, 7311, 7647, 0, 7311, 9784, 0, 5174, -9447, 0, 5174, -7311, 0, 5174, -5174, 0, 5174, -3037, 0, 5174, -900, 0, 5174, 1236, 0, 5174, 3373, 0, 5174, 5510, 0, 5174, 7647, 0, 5174, 9784, 0, 3037, -9447, 0, 3037, -7311, 0, 3037, -5174, 0, 3037, -3037, 0, 3037, -900, 0, 3037, 1236, 0, 3037, 3373, 0, 3037, 5510, 0, 3037, 7647, 0, 3037, 9784, 0, 900, -9447, 0, 900, -7311, 0, 900, -5174, 0, 900, -3037, 0, 900, -900, 0, 900, 1236, 0, 900, 3373, 0, 900, 5510, 0, 900, 7647, 0, 900, 9784, 0, -1236, -9447, 0, -1236, -7311, 0, -1236, -5174, 0, -1236, -3037, 0, -1236, -900, 0, -1236, 1236, 0, -1236, 3373, 0, -1236, 5510, 0, -1236, 7647, 0, -1236, 9784, 0, -3373, -9447, 0, -3373, -7311, 0, -3373, -5174, 0, -3373, -3037, 0, -3373, -900, 0, -3373, 1236, 0, -3373, 3373, 0, -3373, 5510, 0, -3373, 7647, 0, -3373, 9784, 0, -5510, -9447, 0, -5510, -7311, 0, -5510, -5174, 0, -5510, -3037, 0, -5510, -900, 0, -5510, 1236, 0, -5510, 3373, 0, -5510, 5510, 0, -5510, 7647, 0, -5510, 9784, 0, -7647, -9447, 0, -7647, -7311, 0, -7647, -5174, 0, -7647, -3037, 0, -7647, -900, 0, -7647, 1236, 0, -7647, 3373, 0, -7647, 5510, 0, -7647, 7647, 0, -7647, 9784, 0, -9784, -9447, 0, -9784, -7311, 0, -9784, -5174, 0, -9784, -3037, 0, -9784, -900, 0, -9784, 1236, 0, -9784, 3373, 0, -9784, 5510, 0, -9784, 7647, 0, -9784, 9784]}, "5": {"center": [0.0, 1.0, 0.0], "xyzw": [-0.7071068286895752, 0.0, 0.0, 0.7071068286895752], "start": [-0.8984000086784363, 1.0, -0.8984000086784363], "spacing": [8, 8], "offset": [4.0, 4.0], "scale": 0.0254, "scale_loc": 3.115795418546872, "loc": [-9447, 0, -9447, -7311, 0, -9447, -5174, 0, -9447, -3037, 0, -9447, -900, 0, -9447, 1236, 0, -9447, 3373, 0, -9447, 5510, 0, -9447, 7647, 0, -9447, 9784, 0, -9447, -9447, 0, -7311, -7311, 0, -7311, -5174, 0, -7311, -3037, 0, -7311, -900, 0, -7311, 1236, 0, -7311, 3373, 0, -7311, 5510, 0, -7311, 7647, 0, -7311, 9784, 0, -7311, -9447, 0, -5174, -7311, 0, -5174, -5174, 0, -5174, -3037, 0, -5174, -900, 0, -5174, 1236, 0, -5174, 3373, 0, -5174, 5510, 0, -5174, 7647, 0, -5174, 9784, 0, -5174, -9447, 0, -3037, -7311, 0, -3037, -5174, 0, -3037, -3037, 0, -3037, -900, 0, -3037, 1236, 0, -3037, 3373, 0, -3037, 5510, 0, -3037, 7647, 0, -3037, 9784, 0, -3037, -9447, 0, -900, -7311, 0, -900, -5174, 0, -900, -3037, 0, -900, -900, 0, -900, 1236, 0, -900, 3373, 0, -900, 5510, 0, -900, 7647, 0, -900, 9784, 0, -900, -9447, 0, 1236, -7311, 0, 1236, -5174, 0, 1236, -3037, 0, 1236, -900, 0, 1236, 1236, 0, 1236, 3373, 0, 1236, 5510, 0, 1236, 7647, 0, 1236, 9784, 0, 1236, -9447, 0, 3373, -7311, 0, 3373, -5174, 0, 3373, -3037, 0, 3373, -900, 0, 3373, 1236, 0, 3373, 3373, 0, 3373, 5510, 0, 3373, 7647, 0, 3373, 9784, 0, 3373, -9447, 0, 5510, -7311, 0, 5510, -5174, 0, 5510, -3037, 0, 5510, -900, 0, 5510, 1236, 0, 5510, 3373, 0, 5510, 5510, 0, 5510, 7647, 0, 5510, 9784, 0, 5510, -9447, 0, 7647, -7311, 0, 7647, -5174, 0, 7647, -3037, 0, 7647, -900, 0, 7647, 1236, 0, 7647, 3373, 0, 7647, 5510, 0, 7647, 7647, 0, 7647, 9784, 0, 7647, -9447, 0, 9784, -7311, 0, 9784, -5174, 0, 9784, -3037, 0, 9784, -900, 0, 9784, 1236, 0, 9784, 3373, 0, 9784, 5510, 0, 9784, 7647, 0, 9784, 9784, 0, 9784]}, "2": {"center": [-1.0, 0.0, 0.0], "xyzw": [-0.5, -0.5, 0.5, 0.5], "start": [-1.0, -0.8984000086784363, -0.8984000086784363], "spacing": [8, 8], "offset": [4.0, 4.0], "scale": 0.0254, "scale_loc": 3.115795418546872, "loc": [0, -9447, -9447, 0, -7311, -9447, 0, -5174, -9447, 0, -3037, -9447, 0, -900, -9447, 0, 1236, -9447, 0, 3373, -9447, 0, 5510, -9447, 0, 7647, -9447, 0, 9784, -9447, 0, -9447, -7311, 0, -7311, -7311, 0, -5174, -7311, 0, -3037, -7311, 0, -900, -7311, 0, 1236, -7311, 0, 3373, -7311, 0, 5510, -7311, 0, 7647, -7311, 0, 9784, -7311, 0, -9447, -5174, 0, -7311, -5174, 0, -5174, -5174, 0, -3037, -5174, 0, -900, -5174, 0, 1236, -5174, 0, 3373, -5174, 0, 5510, -5174, 0, 7647, -5174, 0, 9784, -5174, 0, -9447, -3037, 0, -7311, -3037, 0, -5174, -3037, 0, -3037, -3037, 0, -900, -3037, 0, 1236, -3037, 0, 3373, -3037, 0, 5510, -3037, 0, 7647, -3037, 0, 9784, -3037, 0, -9447, -900, 0, -7311, -900, 0, -5174, -900, 0, -3037, -900, 0, -900, -900, 0, 1236, -900, 0, 3373, -900, 0, 5510, -900, 0, 7647, -900, 0, 9784, -900, 0, -9447, 1236, 0, -7311, 1236, 0, -5174, 1236, 0, -3037, 1236, 0, -900, 1236, 0, 1236, 1236, 0, 3373, 1236, 0, 5510, 1236, 0, 7647, 1236, 0, 9784, 1236, 0, -9447, 3373, 0, -7311, 3373, 0, -5174, 3373, 0, -3037, 3373, 0, -900, 3373, 0, 1236, 3373, 0, 3373, 3373, 0, 5510, 3373, 0, 7647, 3373, 0, 9784, 3373, 0, -9447, 5510, 0, -7311, 5510, 0, -5174, 5510, 0, -3037, 5510, 0, -900, 5510, 0, 1236, 5510, 0, 3373, 5510, 0, 5510, 5510, 0, 7647, 5510, 0, 9784, 5510, 0, -9447, 7647, 0, -7311, 7647, 0, -5174, 7647, 0, -3037, 7647, 0, -900, 7647, 0, 1236, 7647, 0, 3373, 7647, 0, 5510, 7647, 0, 7647, 7647, 0, 9784, 7647, 0, -9447, 9784, 0, -7311, 9784, 0, -5174, 9784, 0, -3037, 9784, 0, -900, 9784, 0, 1236, 9784, 0, 3373, 9784, 0, 5510, 9784, 0, 7647, 9784, 0, 9784, 9784]}, "1": {"center": [0.0, -1.0, 0.0], "xyzw": [0.7071068286895752, 0.0, 0.0, 0.7071068286895752], "start": [-0.8984000086784363, -1.0, -0.8984000086784363], "spacing": [8, 8], "offset": [4.0, 4.0], "scale": 0.0254, "scale_loc": 3.115795418546872, "loc": [-9447, 0, -9447, -7311, 0, -9447, -5174, 0, -9447, -3037, 0, -9447, -900, 0, -9447, 1236, 0, -9447, 3373, 0, -9447, 5510, 0, -9447, 7647, 0, -9447, 9784, 0, -9447, -9447, 0, -7311, -7311, 0, -7311, -5174, 0, -7311, -3037, 0, -7311, -900, 0, -7311, 1236, 0, -7311, 3373, 0, -7311, 5510, 0, -7311, 7647, 0, -7311, 9784, 0, -7311, -9447, 0, -5174, -7311, 0, -5174, -5174, 0, -5174, -3037, 0, -5174, -900, 0, -5174, 1236, 0, -5174, 3373, 0, -5174, 5510, 0, -5174, 7647, 0, -5174, 9784, 0, -5174, -9447, 0, -3037, -7311, 0, -3037, -5174, 0, -3037, -3037, 0, -3037, -900, 0, -3037, 1236, 0, -3037, 3373, 0, -3037, 5510, 0, -3037, 7647, 0, -3037, 9784, 0, -3037, -9447, 0, -900, -7311, 0, -900, -5174, 0, -900, -3037, 0, -900, -900, 0, -900, 1236, 0, -900, 3373, 0, -900, 5510, 0, -900, 7647, 0, -900, 9784, 0, -900, -9447, 0, 1236, -7311, 0, 1236, -5174, 0, 1236, -3037, 0, 1236, -900, 0, 1236, 1236, 0, 1236, 3373, 0, 1236, 5510, 0, 1236, 7647, 0, 1236, 9784, 0, 1236, -9447, 0, 3373, -7311, 0, 3373, -5174, 0, 3373, -3037, 0, 3373, -900, 0, 3373, 1236, 0, 3373, 3373, 0, 3373, 5510, 0, 3373, 7647, 0, 3373, 9784, 0, 3373, -9447, 0, 5510, -7311, 0, 5510, -5174, 0, 5510, -3037, 0, 5510, -900, 0, 5510, 1236, 0, 5510, 3373, 0, 5510, 5510, 0, 5510, 7647, 0, 5510, 9784, 0, 5510, -9447, 0, 7647, -7311, 0, 7647, -5174, 0, 7647, -3037, 0, 7647, -900, 0, 7647, 1236, 0, 7647, 3373, 0, 7647, 5510, 0, 7647, 7647, 0, 7647, 9784, 0, 7647, -9447, 0, 9784, -7311, 0, 9784, -5174, 0, 9784, -3037, 0, 9784, -900, 0, 9784, 1236, 0, 9784, 3373, 0, 9784, 5510, 0, 9784, 7647, 0, 9784, 9784, 0, 9784]}}, "mesh_data": {"num_verts": 24, "center_pos": [0.0, 0.0, 0.0], "scale_pos": 1.0, "index_arrays": [{"values": [16, 17, 18, 16, 18, 19], "material": 0}, {"values": [0, 1, 2, 0, 2, 3, 4, 5, 6, 4, 6, 7, 8, 9, 10, 8, 10, 11, 12, 13, 14, 12, 14, 15], "material": 1}, {"values": [20, 21, 22, 20, 22, 23], "material": 2}], "vertex_arrays": [{"attrib": "pos",